Model,Forecast Type,MSE Mean,MSE Std,MAE Mean,MAE Std
LSTM,Short Term (90 days),352756.7045305973,116469.55043602161,473.53893272636526,68.81514394742962
LSTM,Long Term (365 days),187271.78291710682,22766.98964284884,332.5306770518563,14.587481137655162
Transformer,Short Term (90 days),441307.85779093596,185568.6534366729,533.8316680228626,139.13977523866478
Transformer,Long Term (365 days),325812.99393089506,95302.48434817231,444.11952888512894,64.08738072821633
Ours,Short Term (90 days),310727.98780492664,102745.20336256851,442.0598919010989,86.3754766299977
Ours,Long Term (365 days),192865.00159703972,45270.14537782907,347.8860153182606,44.64742211323609
