Model,Forecast Type,MSE Mean,MSE Std,MAE Mean,MAE Std
LSTM,Short Term (90 days),412018.83044226264,121971.69993589242,506.7522386568611,63.19543494544849
LSTM,Long Term (365 days),199225.8323144955,42344.282058957324,335.5423167128248,24.867609770425403
Transformer,Short Term (90 days),317234.7663873447,62565.82052103117,444.53870976478265,50.576295225318646
Transformer,Long Term (365 days),300684.8243127417,81268.06471738065,435.0192360504983,61.84088281291892
Ours,Short Term (90 days),302945.3917073713,76435.09105006102,427.0143172506714,45.799606733655736
Ours,Long Term (365 days),212842.5555556526,31890.917356085578,361.20469940361704,35.41943011456636
